{"placements":[{"x":435.780651094908,"y":1464.6413068383938},{"x":662.3682127840588,"y":1446.6311627567936}]}