{"placements":[{"x":1090.4162445931672,"y":3063.6281564033725},{"x":1114.3667113275312,"y":3023.093933394404},{"x":1126.414292241889,"y":2804.90912241848}]}